filename	3_types	16_types
/home/koredata/hsinhung/speech/Mobile_Recording/MI/clo_train/39.wav	M	MI
/home/koredata/hsinhung/speech/Mobile_Recording/MI/clo_train/70.wav	M	MI
/home/koredata/hsinhung/speech/Mobile_Recording/MI/clo_train/23.wav	M	MI
/home/koredata/hsinhung/speech/Mobile_Recording/MI/clo_train/60.wav	M	MI
/home/koredata/hsinhung/speech/Mobile_Recording/MI/clo_train/77.wav	M	MI
/home/koredata/hsinhung/speech/Mobile_Recording/MI/clo_train/76.wav	M	MI
/home/koredata/hsinhung/speech/Mobile_Recording/MI/clo_train/3.wav	M	MI
/home/koredata/hsinhung/speech/Mobile_Recording/MI/clo_train/86.wav	M	MI
/home/koredata/hsinhung/speech/Mobile_Recording/MI/clo_train/58.wav	M	MI
/home/koredata/hsinhung/speech/Mobile_Recording/MI/clo_train/54.wav	M	MI
/home/koredata/hsinhung/speech/Mobile_Recording/MI/clo_train/51.wav	M	MI
/home/koredata/hsinhung/speech/Mobile_Recording/MI/clo_train/5.wav	M	MI
/home/koredata/hsinhung/speech/Mobile_Recording/MI/clo_train/95.wav	M	MI
/home/koredata/hsinhung/speech/Mobile_Recording/MI/clo_train/10.wav	M	MI
/home/koredata/hsinhung/speech/Mobile_Recording/MI/clo_train/32.wav	M	MI
/home/koredata/hsinhung/speech/Mobile_Recording/MI/clo_train/83.wav	M	MI
/home/koredata/hsinhung/speech/Mobile_Recording/MI/clo_train/81.wav	M	MI
/home/koredata/hsinhung/speech/Mobile_Recording/MI/clo_train/100.wav	M	MI
/home/koredata/hsinhung/speech/Mobile_Recording/MI/clo_train/45.wav	M	MI
/home/koredata/hsinhung/speech/Mobile_Recording/MI/clo_train/50.wav	M	MI
/home/koredata/hsinhung/speech/Mobile_Recording/MI/clo_train/80.wav	M	MI
/home/koredata/hsinhung/speech/Mobile_Recording/MI/clo_train/61.wav	M	MI
/home/koredata/hsinhung/speech/Mobile_Recording/MI/clo_train/21.wav	M	MI
/home/koredata/hsinhung/speech/Mobile_Recording/MI/clo_train/69.wav	M	MI
/home/koredata/hsinhung/speech/Mobile_Recording/MI/clo_train/33.wav	M	MI
/home/koredata/hsinhung/speech/Mobile_Recording/MI/clo_train/19.wav	M	MI
/home/koredata/hsinhung/speech/Mobile_Recording/MI/clo_train/98.wav	M	MI
/home/koredata/hsinhung/speech/Mobile_Recording/MI/clo_train/59.wav	M	MI
/home/koredata/hsinhung/speech/Mobile_Recording/MI/clo_train/84.wav	M	MI
/home/koredata/hsinhung/speech/Mobile_Recording/MI/clo_train/91.wav	M	MI
/home/koredata/hsinhung/speech/Mobile_Recording/MI/clo_train/71.wav	M	MI
/home/koredata/hsinhung/speech/Mobile_Recording/MI/clo_train/37.wav	M	MI
/home/koredata/hsinhung/speech/Mobile_Recording/MI/clo_train/13.wav	M	MI
/home/koredata/hsinhung/speech/Mobile_Recording/MI/clo_train/65.wav	M	MI
/home/koredata/hsinhung/speech/Mobile_Recording/MI/clo_train/34.wav	M	MI
/home/koredata/hsinhung/speech/Mobile_Recording/MI/clo_train/90.wav	M	MI
/home/koredata/hsinhung/speech/Mobile_Recording/MI/clo_train/46.wav	M	MI
/home/koredata/hsinhung/speech/Mobile_Recording/MI/clo_train/49.wav	M	MI
/home/koredata/hsinhung/speech/Mobile_Recording/MI/clo_train/15.wav	M	MI
/home/koredata/hsinhung/speech/Mobile_Recording/MI/clo_train/66.wav	M	MI
/home/koredata/hsinhung/speech/Mobile_Recording/MI/clo_train/88.wav	M	MI
/home/koredata/hsinhung/speech/Mobile_Recording/MI/clo_train/96.wav	M	MI
/home/koredata/hsinhung/speech/Mobile_Recording/MI/clo_train/11.wav	M	MI
/home/koredata/hsinhung/speech/Mobile_Recording/MI/clo_train/31.wav	M	MI
/home/koredata/hsinhung/speech/Mobile_Recording/MI/clo_train/93.wav	M	MI
/home/koredata/hsinhung/speech/Mobile_Recording/MI/clo_train/26.wav	M	MI
/home/koredata/hsinhung/speech/Mobile_Recording/MI/clo_train/35.wav	M	MI
/home/koredata/hsinhung/speech/Mobile_Recording/MI/clo_train/30.wav	M	MI
/home/koredata/hsinhung/speech/Mobile_Recording/MI/clo_train/1.wav	M	MI
/home/koredata/hsinhung/speech/Mobile_Recording/MI/clo_train/29.wav	M	MI
/home/koredata/hsinhung/speech/Mobile_Recording/MI/clo_train/53.wav	M	MI
/home/koredata/hsinhung/speech/Mobile_Recording/MI/clo_train/22.wav	M	MI
/home/koredata/hsinhung/speech/Mobile_Recording/MI/clo_train/63.wav	M	MI
/home/koredata/hsinhung/speech/Mobile_Recording/MI/clo_train/78.wav	M	MI
/home/koredata/hsinhung/speech/Mobile_Recording/MI/clo_train/20.wav	M	MI
/home/koredata/hsinhung/speech/Mobile_Recording/MI/clo_train/44.wav	M	MI
/home/koredata/hsinhung/speech/Mobile_Recording/MI/clo_train/85.wav	M	MI
/home/koredata/hsinhung/speech/Mobile_Recording/MI/clo_train/55.wav	M	MI
/home/koredata/hsinhung/speech/Mobile_Recording/MI/clo_train/42.wav	M	MI
/home/koredata/hsinhung/speech/Mobile_Recording/MI/clo_train/75.wav	M	MI
/home/koredata/hsinhung/speech/Mobile_Recording/MI/clo_train/18.wav	M	MI
/home/koredata/hsinhung/speech/Mobile_Recording/MI/clo_train/89.wav	M	MI
/home/koredata/hsinhung/speech/Mobile_Recording/MI/clo_train/52.wav	M	MI
/home/koredata/hsinhung/speech/Mobile_Recording/MI/clo_train/24.wav	M	MI
/home/koredata/hsinhung/speech/Mobile_Recording/MI/clo_train/28.wav	M	MI
/home/koredata/hsinhung/speech/Mobile_Recording/MI/clo_train/92.wav	M	MI
/home/koredata/hsinhung/speech/Mobile_Recording/MI/clo_train/7.wav	M	MI
/home/koredata/hsinhung/speech/Mobile_Recording/MI/clo_train/38.wav	M	MI
/home/koredata/hsinhung/speech/Mobile_Recording/MI/clo_train/57.wav	M	MI
/home/koredata/hsinhung/speech/Mobile_Recording/MI/clo_train/27.wav	M	MI
/home/koredata/hsinhung/speech/Mobile_Recording/MI/clo_train/48.wav	M	MI
/home/koredata/hsinhung/speech/Mobile_Recording/MI/clo_train/6.wav	M	MI
/home/koredata/hsinhung/speech/Mobile_Recording/MI/clo_train/47.wav	M	MI
/home/koredata/hsinhung/speech/Mobile_Recording/MI/clo_train/25.wav	M	MI
/home/koredata/hsinhung/speech/Mobile_Recording/MI/clo_train/79.wav	M	MI
/home/koredata/hsinhung/speech/Mobile_Recording/MI/clo_train/12.wav	M	MI
/home/koredata/hsinhung/speech/Mobile_Recording/MI/clo_train/62.wav	M	MI
/home/koredata/hsinhung/speech/Mobile_Recording/MI/clo_train/82.wav	M	MI
/home/koredata/hsinhung/speech/Mobile_Recording/MI/clo_train/72.wav	M	MI
/home/koredata/hsinhung/speech/Mobile_Recording/MI/clo_train/73.wav	M	MI
/home/koredata/hsinhung/speech/Mobile_Recording/MI/clo_train/16.wav	M	MI
/home/koredata/hsinhung/speech/Mobile_Recording/MI/clo_train/17.wav	M	MI
/home/koredata/hsinhung/speech/Mobile_Recording/MI/clo_train/94.wav	M	MI
/home/koredata/hsinhung/speech/Mobile_Recording/MI/clo_train/36.wav	M	MI
/home/koredata/hsinhung/speech/Mobile_Recording/MI/clo_train/41.wav	M	MI
/home/koredata/hsinhung/speech/Mobile_Recording/MI/clo_train/56.wav	M	MI
/home/koredata/hsinhung/speech/Mobile_Recording/MI/clo_train/64.wav	M	MI
/home/koredata/hsinhung/speech/Mobile_Recording/MI/clo_train/74.wav	M	MI
/home/koredata/hsinhung/speech/Mobile_Recording/MI/clo_train/40.wav	M	MI
/home/koredata/hsinhung/speech/Mobile_Recording/MI/clo_train/99.wav	M	MI
/home/koredata/hsinhung/speech/Mobile_Recording/MI/clo_train/68.wav	M	MI
/home/koredata/hsinhung/speech/Mobile_Recording/MI/clo_train/67.wav	M	MI
/home/koredata/hsinhung/speech/Mobile_Recording/MI/clo_train/14.wav	M	MI
/home/koredata/hsinhung/speech/Mobile_Recording/MI/clo_train/97.wav	M	MI
/home/koredata/hsinhung/speech/Mobile_Recording/MI/clo_train/87.wav	M	MI
/home/koredata/hsinhung/speech/Mobile_Recording/MI/clo_train/43.wav	M	MI
/home/koredata/hsinhung/speech/Mobile_Recording/MI/clo_train/2.wav	M	MI
/home/koredata/hsinhung/speech/Mobile_Recording/MI/clo_train/8.wav	M	MI
/home/koredata/hsinhung/speech/Mobile_Recording/MI/clo_train/4.wav	M	MI
/home/koredata/hsinhung/speech/Mobile_Recording/MI/clo_train/9.wav	M	MI
/home/koredata/hsinhung/speech/Mobile_Recording/LG/clo_train/39.wav	M	LG
/home/koredata/hsinhung/speech/Mobile_Recording/LG/clo_train/70.wav	M	LG
/home/koredata/hsinhung/speech/Mobile_Recording/LG/clo_train/23.wav	M	LG
/home/koredata/hsinhung/speech/Mobile_Recording/LG/clo_train/60.wav	M	LG
/home/koredata/hsinhung/speech/Mobile_Recording/LG/clo_train/77.wav	M	LG
/home/koredata/hsinhung/speech/Mobile_Recording/LG/clo_train/76.wav	M	LG
/home/koredata/hsinhung/speech/Mobile_Recording/LG/clo_train/3.wav	M	LG
/home/koredata/hsinhung/speech/Mobile_Recording/LG/clo_train/86.wav	M	LG
/home/koredata/hsinhung/speech/Mobile_Recording/LG/clo_train/58.wav	M	LG
/home/koredata/hsinhung/speech/Mobile_Recording/LG/clo_train/54.wav	M	LG
/home/koredata/hsinhung/speech/Mobile_Recording/LG/clo_train/51.wav	M	LG
/home/koredata/hsinhung/speech/Mobile_Recording/LG/clo_train/5.wav	M	LG
/home/koredata/hsinhung/speech/Mobile_Recording/LG/clo_train/95.wav	M	LG
/home/koredata/hsinhung/speech/Mobile_Recording/LG/clo_train/10.wav	M	LG
/home/koredata/hsinhung/speech/Mobile_Recording/LG/clo_train/32.wav	M	LG
/home/koredata/hsinhung/speech/Mobile_Recording/LG/clo_train/83.wav	M	LG
/home/koredata/hsinhung/speech/Mobile_Recording/LG/clo_train/81.wav	M	LG
/home/koredata/hsinhung/speech/Mobile_Recording/LG/clo_train/45.wav	M	LG
/home/koredata/hsinhung/speech/Mobile_Recording/LG/clo_train/50.wav	M	LG
/home/koredata/hsinhung/speech/Mobile_Recording/LG/clo_train/80.wav	M	LG
/home/koredata/hsinhung/speech/Mobile_Recording/LG/clo_train/61.wav	M	LG
/home/koredata/hsinhung/speech/Mobile_Recording/LG/clo_train/21.wav	M	LG
/home/koredata/hsinhung/speech/Mobile_Recording/LG/clo_train/69.wav	M	LG
/home/koredata/hsinhung/speech/Mobile_Recording/LG/clo_train/33.wav	M	LG
/home/koredata/hsinhung/speech/Mobile_Recording/LG/clo_train/19.wav	M	LG
/home/koredata/hsinhung/speech/Mobile_Recording/LG/clo_train/98.wav	M	LG
/home/koredata/hsinhung/speech/Mobile_Recording/LG/clo_train/59.wav	M	LG
/home/koredata/hsinhung/speech/Mobile_Recording/LG/clo_train/84.wav	M	LG
/home/koredata/hsinhung/speech/Mobile_Recording/LG/clo_train/91.wav	M	LG
/home/koredata/hsinhung/speech/Mobile_Recording/LG/clo_train/71.wav	M	LG
/home/koredata/hsinhung/speech/Mobile_Recording/LG/clo_train/37.wav	M	LG
/home/koredata/hsinhung/speech/Mobile_Recording/LG/clo_train/13.wav	M	LG
/home/koredata/hsinhung/speech/Mobile_Recording/LG/clo_train/65.wav	M	LG
/home/koredata/hsinhung/speech/Mobile_Recording/LG/clo_train/34.wav	M	LG
/home/koredata/hsinhung/speech/Mobile_Recording/LG/clo_train/90.wav	M	LG
/home/koredata/hsinhung/speech/Mobile_Recording/LG/clo_train/46.wav	M	LG
/home/koredata/hsinhung/speech/Mobile_Recording/LG/clo_train/49.wav	M	LG
/home/koredata/hsinhung/speech/Mobile_Recording/LG/clo_train/15.wav	M	LG
/home/koredata/hsinhung/speech/Mobile_Recording/LG/clo_train/66.wav	M	LG
/home/koredata/hsinhung/speech/Mobile_Recording/LG/clo_train/88.wav	M	LG
/home/koredata/hsinhung/speech/Mobile_Recording/LG/clo_train/96.wav	M	LG
/home/koredata/hsinhung/speech/Mobile_Recording/LG/clo_train/11.wav	M	LG
/home/koredata/hsinhung/speech/Mobile_Recording/LG/clo_train/31.wav	M	LG
/home/koredata/hsinhung/speech/Mobile_Recording/LG/clo_train/93.wav	M	LG
/home/koredata/hsinhung/speech/Mobile_Recording/LG/clo_train/26.wav	M	LG
/home/koredata/hsinhung/speech/Mobile_Recording/LG/clo_train/35.wav	M	LG
/home/koredata/hsinhung/speech/Mobile_Recording/LG/clo_train/30.wav	M	LG
/home/koredata/hsinhung/speech/Mobile_Recording/LG/clo_train/1.wav	M	LG
/home/koredata/hsinhung/speech/Mobile_Recording/LG/clo_train/29.wav	M	LG
/home/koredata/hsinhung/speech/Mobile_Recording/LG/clo_train/53.wav	M	LG
/home/koredata/hsinhung/speech/Mobile_Recording/LG/clo_train/22.wav	M	LG
/home/koredata/hsinhung/speech/Mobile_Recording/LG/clo_train/63.wav	M	LG
/home/koredata/hsinhung/speech/Mobile_Recording/LG/clo_train/78.wav	M	LG
/home/koredata/hsinhung/speech/Mobile_Recording/LG/clo_train/20.wav	M	LG
/home/koredata/hsinhung/speech/Mobile_Recording/LG/clo_train/44.wav	M	LG
/home/koredata/hsinhung/speech/Mobile_Recording/LG/clo_train/85.wav	M	LG
/home/koredata/hsinhung/speech/Mobile_Recording/LG/clo_train/55.wav	M	LG
/home/koredata/hsinhung/speech/Mobile_Recording/LG/clo_train/42.wav	M	LG
/home/koredata/hsinhung/speech/Mobile_Recording/LG/clo_train/75.wav	M	LG
/home/koredata/hsinhung/speech/Mobile_Recording/LG/clo_train/18.wav	M	LG
/home/koredata/hsinhung/speech/Mobile_Recording/LG/clo_train/89.wav	M	LG
/home/koredata/hsinhung/speech/Mobile_Recording/LG/clo_train/52.wav	M	LG
/home/koredata/hsinhung/speech/Mobile_Recording/LG/clo_train/24.wav	M	LG
/home/koredata/hsinhung/speech/Mobile_Recording/LG/clo_train/28.wav	M	LG
/home/koredata/hsinhung/speech/Mobile_Recording/LG/clo_train/92.wav	M	LG
/home/koredata/hsinhung/speech/Mobile_Recording/LG/clo_train/7.wav	M	LG
/home/koredata/hsinhung/speech/Mobile_Recording/LG/clo_train/38.wav	M	LG
/home/koredata/hsinhung/speech/Mobile_Recording/LG/clo_train/57.wav	M	LG
/home/koredata/hsinhung/speech/Mobile_Recording/LG/clo_train/27.wav	M	LG
/home/koredata/hsinhung/speech/Mobile_Recording/LG/clo_train/48.wav	M	LG
/home/koredata/hsinhung/speech/Mobile_Recording/LG/clo_train/6.wav	M	LG
/home/koredata/hsinhung/speech/Mobile_Recording/LG/clo_train/47.wav	M	LG
/home/koredata/hsinhung/speech/Mobile_Recording/LG/clo_train/25.wav	M	LG
/home/koredata/hsinhung/speech/Mobile_Recording/LG/clo_train/79.wav	M	LG
/home/koredata/hsinhung/speech/Mobile_Recording/LG/clo_train/12.wav	M	LG
/home/koredata/hsinhung/speech/Mobile_Recording/LG/clo_train/62.wav	M	LG
/home/koredata/hsinhung/speech/Mobile_Recording/LG/clo_train/82.wav	M	LG
/home/koredata/hsinhung/speech/Mobile_Recording/LG/clo_train/72.wav	M	LG
/home/koredata/hsinhung/speech/Mobile_Recording/LG/clo_train/73.wav	M	LG
/home/koredata/hsinhung/speech/Mobile_Recording/LG/clo_train/16.wav	M	LG
/home/koredata/hsinhung/speech/Mobile_Recording/LG/clo_train/17.wav	M	LG
/home/koredata/hsinhung/speech/Mobile_Recording/LG/clo_train/94.wav	M	LG
/home/koredata/hsinhung/speech/Mobile_Recording/LG/clo_train/36.wav	M	LG
/home/koredata/hsinhung/speech/Mobile_Recording/LG/clo_train/41.wav	M	LG
/home/koredata/hsinhung/speech/Mobile_Recording/LG/clo_train/56.wav	M	LG
/home/koredata/hsinhung/speech/Mobile_Recording/LG/clo_train/64.wav	M	LG
/home/koredata/hsinhung/speech/Mobile_Recording/LG/clo_train/74.wav	M	LG
/home/koredata/hsinhung/speech/Mobile_Recording/LG/clo_train/40.wav	M	LG
/home/koredata/hsinhung/speech/Mobile_Recording/LG/clo_train/99.wav	M	LG
/home/koredata/hsinhung/speech/Mobile_Recording/LG/clo_train/68.wav	M	LG
/home/koredata/hsinhung/speech/Mobile_Recording/LG/clo_train/67.wav	M	LG
/home/koredata/hsinhung/speech/Mobile_Recording/LG/clo_train/0.wav	M	LG
/home/koredata/hsinhung/speech/Mobile_Recording/LG/clo_train/14.wav	M	LG
/home/koredata/hsinhung/speech/Mobile_Recording/LG/clo_train/97.wav	M	LG
/home/koredata/hsinhung/speech/Mobile_Recording/LG/clo_train/87.wav	M	LG
/home/koredata/hsinhung/speech/Mobile_Recording/LG/clo_train/43.wav	M	LG
/home/koredata/hsinhung/speech/Mobile_Recording/LG/clo_train/2.wav	M	LG
/home/koredata/hsinhung/speech/Mobile_Recording/LG/clo_train/8.wav	M	LG
/home/koredata/hsinhung/speech/Mobile_Recording/LG/clo_train/4.wav	M	LG
/home/koredata/hsinhung/speech/Mobile_Recording/LG/clo_train/9.wav	M	LG
/home/koredata/hsinhung/speech/Mobile_Recording/iPhone/clo_train_1/39.wav	M	iPhone
/home/koredata/hsinhung/speech/Mobile_Recording/iPhone/clo_train_1/70.wav	M	iPhone
/home/koredata/hsinhung/speech/Mobile_Recording/iPhone/clo_train_1/23.wav	M	iPhone
/home/koredata/hsinhung/speech/Mobile_Recording/iPhone/clo_train_1/60.wav	M	iPhone
/home/koredata/hsinhung/speech/Mobile_Recording/iPhone/clo_train_1/77.wav	M	iPhone
/home/koredata/hsinhung/speech/Mobile_Recording/iPhone/clo_train_1/76.wav	M	iPhone
/home/koredata/hsinhung/speech/Mobile_Recording/iPhone/clo_train_1/3.wav	M	iPhone
/home/koredata/hsinhung/speech/Mobile_Recording/iPhone/clo_train_1/86.wav	M	iPhone
/home/koredata/hsinhung/speech/Mobile_Recording/iPhone/clo_train_1/58.wav	M	iPhone
/home/koredata/hsinhung/speech/Mobile_Recording/iPhone/clo_train_1/54.wav	M	iPhone
/home/koredata/hsinhung/speech/Mobile_Recording/iPhone/clo_train_1/51.wav	M	iPhone
/home/koredata/hsinhung/speech/Mobile_Recording/iPhone/clo_train_1/5.wav	M	iPhone
/home/koredata/hsinhung/speech/Mobile_Recording/iPhone/clo_train_1/95.wav	M	iPhone
/home/koredata/hsinhung/speech/Mobile_Recording/iPhone/clo_train_1/10.wav	M	iPhone
/home/koredata/hsinhung/speech/Mobile_Recording/iPhone/clo_train_1/32.wav	M	iPhone
/home/koredata/hsinhung/speech/Mobile_Recording/iPhone/clo_train_1/83.wav	M	iPhone
/home/koredata/hsinhung/speech/Mobile_Recording/iPhone/clo_train_1/81.wav	M	iPhone
/home/koredata/hsinhung/speech/Mobile_Recording/iPhone/clo_train_1/45.wav	M	iPhone
/home/koredata/hsinhung/speech/Mobile_Recording/iPhone/clo_train_1/50.wav	M	iPhone
/home/koredata/hsinhung/speech/Mobile_Recording/iPhone/clo_train_1/80.wav	M	iPhone
/home/koredata/hsinhung/speech/Mobile_Recording/iPhone/clo_train_1/61.wav	M	iPhone
/home/koredata/hsinhung/speech/Mobile_Recording/iPhone/clo_train_1/21.wav	M	iPhone
/home/koredata/hsinhung/speech/Mobile_Recording/iPhone/clo_train_1/69.wav	M	iPhone
/home/koredata/hsinhung/speech/Mobile_Recording/iPhone/clo_train_1/33.wav	M	iPhone
/home/koredata/hsinhung/speech/Mobile_Recording/iPhone/clo_train_1/19.wav	M	iPhone
/home/koredata/hsinhung/speech/Mobile_Recording/iPhone/clo_train_1/98.wav	M	iPhone
/home/koredata/hsinhung/speech/Mobile_Recording/iPhone/clo_train_1/59.wav	M	iPhone
/home/koredata/hsinhung/speech/Mobile_Recording/iPhone/clo_train_1/84.wav	M	iPhone
/home/koredata/hsinhung/speech/Mobile_Recording/iPhone/clo_train_1/91.wav	M	iPhone
/home/koredata/hsinhung/speech/Mobile_Recording/iPhone/clo_train_1/71.wav	M	iPhone
/home/koredata/hsinhung/speech/Mobile_Recording/iPhone/clo_train_1/37.wav	M	iPhone
/home/koredata/hsinhung/speech/Mobile_Recording/iPhone/clo_train_1/13.wav	M	iPhone
/home/koredata/hsinhung/speech/Mobile_Recording/iPhone/clo_train_1/65.wav	M	iPhone
/home/koredata/hsinhung/speech/Mobile_Recording/iPhone/clo_train_1/34.wav	M	iPhone
/home/koredata/hsinhung/speech/Mobile_Recording/iPhone/clo_train_1/90.wav	M	iPhone
/home/koredata/hsinhung/speech/Mobile_Recording/iPhone/clo_train_1/46.wav	M	iPhone
/home/koredata/hsinhung/speech/Mobile_Recording/iPhone/clo_train_1/49.wav	M	iPhone
/home/koredata/hsinhung/speech/Mobile_Recording/iPhone/clo_train_1/15.wav	M	iPhone
/home/koredata/hsinhung/speech/Mobile_Recording/iPhone/clo_train_1/66.wav	M	iPhone
/home/koredata/hsinhung/speech/Mobile_Recording/iPhone/clo_train_1/88.wav	M	iPhone
/home/koredata/hsinhung/speech/Mobile_Recording/iPhone/clo_train_1/96.wav	M	iPhone
/home/koredata/hsinhung/speech/Mobile_Recording/iPhone/clo_train_1/11.wav	M	iPhone
/home/koredata/hsinhung/speech/Mobile_Recording/iPhone/clo_train_1/31.wav	M	iPhone
/home/koredata/hsinhung/speech/Mobile_Recording/iPhone/clo_train_1/93.wav	M	iPhone
/home/koredata/hsinhung/speech/Mobile_Recording/iPhone/clo_train_1/26.wav	M	iPhone
/home/koredata/hsinhung/speech/Mobile_Recording/iPhone/clo_train_1/35.wav	M	iPhone
/home/koredata/hsinhung/speech/Mobile_Recording/iPhone/clo_train_1/30.wav	M	iPhone
/home/koredata/hsinhung/speech/Mobile_Recording/iPhone/clo_train_1/1.wav	M	iPhone
/home/koredata/hsinhung/speech/Mobile_Recording/iPhone/clo_train_1/29.wav	M	iPhone
/home/koredata/hsinhung/speech/Mobile_Recording/iPhone/clo_train_1/53.wav	M	iPhone
/home/koredata/hsinhung/speech/Mobile_Recording/iPhone/clo_train_1/22.wav	M	iPhone
/home/koredata/hsinhung/speech/Mobile_Recording/iPhone/clo_train_1/63.wav	M	iPhone
/home/koredata/hsinhung/speech/Mobile_Recording/iPhone/clo_train_1/78.wav	M	iPhone
/home/koredata/hsinhung/speech/Mobile_Recording/iPhone/clo_train_1/20.wav	M	iPhone
/home/koredata/hsinhung/speech/Mobile_Recording/iPhone/clo_train_1/44.wav	M	iPhone
/home/koredata/hsinhung/speech/Mobile_Recording/iPhone/clo_train_1/85.wav	M	iPhone
/home/koredata/hsinhung/speech/Mobile_Recording/iPhone/clo_train_1/55.wav	M	iPhone
/home/koredata/hsinhung/speech/Mobile_Recording/iPhone/clo_train_1/42.wav	M	iPhone
/home/koredata/hsinhung/speech/Mobile_Recording/iPhone/clo_train_1/75.wav	M	iPhone
/home/koredata/hsinhung/speech/Mobile_Recording/iPhone/clo_train_1/18.wav	M	iPhone
/home/koredata/hsinhung/speech/Mobile_Recording/iPhone/clo_train_1/89.wav	M	iPhone
/home/koredata/hsinhung/speech/Mobile_Recording/iPhone/clo_train_1/52.wav	M	iPhone
/home/koredata/hsinhung/speech/Mobile_Recording/iPhone/clo_train_1/24.wav	M	iPhone
/home/koredata/hsinhung/speech/Mobile_Recording/iPhone/clo_train_1/28.wav	M	iPhone
/home/koredata/hsinhung/speech/Mobile_Recording/iPhone/clo_train_1/92.wav	M	iPhone
/home/koredata/hsinhung/speech/Mobile_Recording/iPhone/clo_train_1/7.wav	M	iPhone
/home/koredata/hsinhung/speech/Mobile_Recording/iPhone/clo_train_1/38.wav	M	iPhone
/home/koredata/hsinhung/speech/Mobile_Recording/iPhone/clo_train_1/57.wav	M	iPhone
/home/koredata/hsinhung/speech/Mobile_Recording/iPhone/clo_train_1/27.wav	M	iPhone
/home/koredata/hsinhung/speech/Mobile_Recording/iPhone/clo_train_1/48.wav	M	iPhone
/home/koredata/hsinhung/speech/Mobile_Recording/iPhone/clo_train_1/6.wav	M	iPhone
/home/koredata/hsinhung/speech/Mobile_Recording/iPhone/clo_train_1/47.wav	M	iPhone
/home/koredata/hsinhung/speech/Mobile_Recording/iPhone/clo_train_1/25.wav	M	iPhone
/home/koredata/hsinhung/speech/Mobile_Recording/iPhone/clo_train_1/79.wav	M	iPhone
/home/koredata/hsinhung/speech/Mobile_Recording/iPhone/clo_train_1/12.wav	M	iPhone
/home/koredata/hsinhung/speech/Mobile_Recording/iPhone/clo_train_1/62.wav	M	iPhone
/home/koredata/hsinhung/speech/Mobile_Recording/iPhone/clo_train_1/82.wav	M	iPhone
/home/koredata/hsinhung/speech/Mobile_Recording/iPhone/clo_train_1/72.wav	M	iPhone
/home/koredata/hsinhung/speech/Mobile_Recording/iPhone/clo_train_1/73.wav	M	iPhone
/home/koredata/hsinhung/speech/Mobile_Recording/iPhone/clo_train_1/16.wav	M	iPhone
/home/koredata/hsinhung/speech/Mobile_Recording/iPhone/clo_train_1/17.wav	M	iPhone
/home/koredata/hsinhung/speech/Mobile_Recording/iPhone/clo_train_1/94.wav	M	iPhone
/home/koredata/hsinhung/speech/Mobile_Recording/iPhone/clo_train_1/36.wav	M	iPhone
/home/koredata/hsinhung/speech/Mobile_Recording/iPhone/clo_train_1/41.wav	M	iPhone
/home/koredata/hsinhung/speech/Mobile_Recording/iPhone/clo_train_1/56.wav	M	iPhone
/home/koredata/hsinhung/speech/Mobile_Recording/iPhone/clo_train_1/64.wav	M	iPhone
/home/koredata/hsinhung/speech/Mobile_Recording/iPhone/clo_train_1/74.wav	M	iPhone
/home/koredata/hsinhung/speech/Mobile_Recording/iPhone/clo_train_1/40.wav	M	iPhone
/home/koredata/hsinhung/speech/Mobile_Recording/iPhone/clo_train_1/99.wav	M	iPhone
/home/koredata/hsinhung/speech/Mobile_Recording/iPhone/clo_train_1/68.wav	M	iPhone
/home/koredata/hsinhung/speech/Mobile_Recording/iPhone/clo_train_1/67.wav	M	iPhone
/home/koredata/hsinhung/speech/Mobile_Recording/iPhone/clo_train_1/0.wav	M	iPhone
/home/koredata/hsinhung/speech/Mobile_Recording/iPhone/clo_train_1/14.wav	M	iPhone
/home/koredata/hsinhung/speech/Mobile_Recording/iPhone/clo_train_1/97.wav	M	iPhone
/home/koredata/hsinhung/speech/Mobile_Recording/iPhone/clo_train_1/87.wav	M	iPhone
/home/koredata/hsinhung/speech/Mobile_Recording/iPhone/clo_train_1/43.wav	M	iPhone
/home/koredata/hsinhung/speech/Mobile_Recording/iPhone/clo_train_1/2.wav	M	iPhone
/home/koredata/hsinhung/speech/Mobile_Recording/iPhone/clo_train_1/8.wav	M	iPhone
/home/koredata/hsinhung/speech/Mobile_Recording/iPhone/clo_train_1/4.wav	M	iPhone
/home/koredata/hsinhung/speech/Mobile_Recording/iPhone/clo_train_1/9.wav	M	iPhone
/home/koredata/hsinhung/speech/Mobile_Recording/OPPO/clo_train/39.wav	M	OPPO
/home/koredata/hsinhung/speech/Mobile_Recording/OPPO/clo_train/70.wav	M	OPPO
/home/koredata/hsinhung/speech/Mobile_Recording/OPPO/clo_train/23.wav	M	OPPO
/home/koredata/hsinhung/speech/Mobile_Recording/OPPO/clo_train/60.wav	M	OPPO
/home/koredata/hsinhung/speech/Mobile_Recording/OPPO/clo_train/77.wav	M	OPPO
/home/koredata/hsinhung/speech/Mobile_Recording/OPPO/clo_train/76.wav	M	OPPO
/home/koredata/hsinhung/speech/Mobile_Recording/OPPO/clo_train/3.wav	M	OPPO
/home/koredata/hsinhung/speech/Mobile_Recording/OPPO/clo_train/86.wav	M	OPPO
/home/koredata/hsinhung/speech/Mobile_Recording/OPPO/clo_train/58.wav	M	OPPO
/home/koredata/hsinhung/speech/Mobile_Recording/OPPO/clo_train/54.wav	M	OPPO
/home/koredata/hsinhung/speech/Mobile_Recording/OPPO/clo_train/51.wav	M	OPPO
/home/koredata/hsinhung/speech/Mobile_Recording/OPPO/clo_train/5.wav	M	OPPO
/home/koredata/hsinhung/speech/Mobile_Recording/OPPO/clo_train/95.wav	M	OPPO
/home/koredata/hsinhung/speech/Mobile_Recording/OPPO/clo_train/10.wav	M	OPPO
/home/koredata/hsinhung/speech/Mobile_Recording/OPPO/clo_train/32.wav	M	OPPO
/home/koredata/hsinhung/speech/Mobile_Recording/OPPO/clo_train/83.wav	M	OPPO
/home/koredata/hsinhung/speech/Mobile_Recording/OPPO/clo_train/81.wav	M	OPPO
/home/koredata/hsinhung/speech/Mobile_Recording/OPPO/clo_train/45.wav	M	OPPO
/home/koredata/hsinhung/speech/Mobile_Recording/OPPO/clo_train/50.wav	M	OPPO
/home/koredata/hsinhung/speech/Mobile_Recording/OPPO/clo_train/80.wav	M	OPPO
/home/koredata/hsinhung/speech/Mobile_Recording/OPPO/clo_train/61.wav	M	OPPO
/home/koredata/hsinhung/speech/Mobile_Recording/OPPO/clo_train/21.wav	M	OPPO
/home/koredata/hsinhung/speech/Mobile_Recording/OPPO/clo_train/69.wav	M	OPPO
/home/koredata/hsinhung/speech/Mobile_Recording/OPPO/clo_train/33.wav	M	OPPO
/home/koredata/hsinhung/speech/Mobile_Recording/OPPO/clo_train/19.wav	M	OPPO
/home/koredata/hsinhung/speech/Mobile_Recording/OPPO/clo_train/98.wav	M	OPPO
/home/koredata/hsinhung/speech/Mobile_Recording/OPPO/clo_train/59.wav	M	OPPO
/home/koredata/hsinhung/speech/Mobile_Recording/OPPO/clo_train/84.wav	M	OPPO
/home/koredata/hsinhung/speech/Mobile_Recording/OPPO/clo_train/91.wav	M	OPPO
/home/koredata/hsinhung/speech/Mobile_Recording/OPPO/clo_train/71.wav	M	OPPO
/home/koredata/hsinhung/speech/Mobile_Recording/OPPO/clo_train/37.wav	M	OPPO
/home/koredata/hsinhung/speech/Mobile_Recording/OPPO/clo_train/13.wav	M	OPPO
/home/koredata/hsinhung/speech/Mobile_Recording/OPPO/clo_train/65.wav	M	OPPO
/home/koredata/hsinhung/speech/Mobile_Recording/OPPO/clo_train/34.wav	M	OPPO
/home/koredata/hsinhung/speech/Mobile_Recording/OPPO/clo_train/90.wav	M	OPPO
/home/koredata/hsinhung/speech/Mobile_Recording/OPPO/clo_train/46.wav	M	OPPO
/home/koredata/hsinhung/speech/Mobile_Recording/OPPO/clo_train/49.wav	M	OPPO
/home/koredata/hsinhung/speech/Mobile_Recording/OPPO/clo_train/15.wav	M	OPPO
/home/koredata/hsinhung/speech/Mobile_Recording/OPPO/clo_train/66.wav	M	OPPO
/home/koredata/hsinhung/speech/Mobile_Recording/OPPO/clo_train/88.wav	M	OPPO
/home/koredata/hsinhung/speech/Mobile_Recording/OPPO/clo_train/96.wav	M	OPPO
/home/koredata/hsinhung/speech/Mobile_Recording/OPPO/clo_train/11.wav	M	OPPO
/home/koredata/hsinhung/speech/Mobile_Recording/OPPO/clo_train/31.wav	M	OPPO
/home/koredata/hsinhung/speech/Mobile_Recording/OPPO/clo_train/93.wav	M	OPPO
/home/koredata/hsinhung/speech/Mobile_Recording/OPPO/clo_train/26.wav	M	OPPO
/home/koredata/hsinhung/speech/Mobile_Recording/OPPO/clo_train/35.wav	M	OPPO
/home/koredata/hsinhung/speech/Mobile_Recording/OPPO/clo_train/30.wav	M	OPPO
/home/koredata/hsinhung/speech/Mobile_Recording/OPPO/clo_train/1.wav	M	OPPO
/home/koredata/hsinhung/speech/Mobile_Recording/OPPO/clo_train/29.wav	M	OPPO
/home/koredata/hsinhung/speech/Mobile_Recording/OPPO/clo_train/53.wav	M	OPPO
/home/koredata/hsinhung/speech/Mobile_Recording/OPPO/clo_train/22.wav	M	OPPO
/home/koredata/hsinhung/speech/Mobile_Recording/OPPO/clo_train/63.wav	M	OPPO
/home/koredata/hsinhung/speech/Mobile_Recording/OPPO/clo_train/78.wav	M	OPPO
/home/koredata/hsinhung/speech/Mobile_Recording/OPPO/clo_train/20.wav	M	OPPO
/home/koredata/hsinhung/speech/Mobile_Recording/OPPO/clo_train/44.wav	M	OPPO
/home/koredata/hsinhung/speech/Mobile_Recording/OPPO/clo_train/85.wav	M	OPPO
/home/koredata/hsinhung/speech/Mobile_Recording/OPPO/clo_train/55.wav	M	OPPO
/home/koredata/hsinhung/speech/Mobile_Recording/OPPO/clo_train/42.wav	M	OPPO
/home/koredata/hsinhung/speech/Mobile_Recording/OPPO/clo_train/75.wav	M	OPPO
/home/koredata/hsinhung/speech/Mobile_Recording/OPPO/clo_train/18.wav	M	OPPO
/home/koredata/hsinhung/speech/Mobile_Recording/OPPO/clo_train/89.wav	M	OPPO
/home/koredata/hsinhung/speech/Mobile_Recording/OPPO/clo_train/52.wav	M	OPPO
/home/koredata/hsinhung/speech/Mobile_Recording/OPPO/clo_train/24.wav	M	OPPO
/home/koredata/hsinhung/speech/Mobile_Recording/OPPO/clo_train/28.wav	M	OPPO
/home/koredata/hsinhung/speech/Mobile_Recording/OPPO/clo_train/92.wav	M	OPPO
/home/koredata/hsinhung/speech/Mobile_Recording/OPPO/clo_train/7.wav	M	OPPO
/home/koredata/hsinhung/speech/Mobile_Recording/OPPO/clo_train/38.wav	M	OPPO
/home/koredata/hsinhung/speech/Mobile_Recording/OPPO/clo_train/57.wav	M	OPPO
/home/koredata/hsinhung/speech/Mobile_Recording/OPPO/clo_train/27.wav	M	OPPO
/home/koredata/hsinhung/speech/Mobile_Recording/OPPO/clo_train/48.wav	M	OPPO
/home/koredata/hsinhung/speech/Mobile_Recording/OPPO/clo_train/6.wav	M	OPPO
/home/koredata/hsinhung/speech/Mobile_Recording/OPPO/clo_train/47.wav	M	OPPO
/home/koredata/hsinhung/speech/Mobile_Recording/OPPO/clo_train/25.wav	M	OPPO
/home/koredata/hsinhung/speech/Mobile_Recording/OPPO/clo_train/79.wav	M	OPPO
/home/koredata/hsinhung/speech/Mobile_Recording/OPPO/clo_train/12.wav	M	OPPO
/home/koredata/hsinhung/speech/Mobile_Recording/OPPO/clo_train/62.wav	M	OPPO
/home/koredata/hsinhung/speech/Mobile_Recording/OPPO/clo_train/82.wav	M	OPPO
/home/koredata/hsinhung/speech/Mobile_Recording/OPPO/clo_train/72.wav	M	OPPO
/home/koredata/hsinhung/speech/Mobile_Recording/OPPO/clo_train/73.wav	M	OPPO
/home/koredata/hsinhung/speech/Mobile_Recording/OPPO/clo_train/16.wav	M	OPPO
/home/koredata/hsinhung/speech/Mobile_Recording/OPPO/clo_train/17.wav	M	OPPO
/home/koredata/hsinhung/speech/Mobile_Recording/OPPO/clo_train/94.wav	M	OPPO
/home/koredata/hsinhung/speech/Mobile_Recording/OPPO/clo_train/36.wav	M	OPPO
/home/koredata/hsinhung/speech/Mobile_Recording/OPPO/clo_train/41.wav	M	OPPO
/home/koredata/hsinhung/speech/Mobile_Recording/OPPO/clo_train/56.wav	M	OPPO
/home/koredata/hsinhung/speech/Mobile_Recording/OPPO/clo_train/64.wav	M	OPPO
/home/koredata/hsinhung/speech/Mobile_Recording/OPPO/clo_train/74.wav	M	OPPO
/home/koredata/hsinhung/speech/Mobile_Recording/OPPO/clo_train/40.wav	M	OPPO
/home/koredata/hsinhung/speech/Mobile_Recording/OPPO/clo_train/99.wav	M	OPPO
/home/koredata/hsinhung/speech/Mobile_Recording/OPPO/clo_train/68.wav	M	OPPO
/home/koredata/hsinhung/speech/Mobile_Recording/OPPO/clo_train/67.wav	M	OPPO
/home/koredata/hsinhung/speech/Mobile_Recording/OPPO/clo_train/0.wav	M	OPPO
/home/koredata/hsinhung/speech/Mobile_Recording/OPPO/clo_train/14.wav	M	OPPO
/home/koredata/hsinhung/speech/Mobile_Recording/OPPO/clo_train/97.wav	M	OPPO
/home/koredata/hsinhung/speech/Mobile_Recording/OPPO/clo_train/87.wav	M	OPPO
/home/koredata/hsinhung/speech/Mobile_Recording/OPPO/clo_train/43.wav	M	OPPO
/home/koredata/hsinhung/speech/Mobile_Recording/OPPO/clo_train/2.wav	M	OPPO
/home/koredata/hsinhung/speech/Mobile_Recording/OPPO/clo_train/8.wav	M	OPPO
/home/koredata/hsinhung/speech/Mobile_Recording/OPPO/clo_train/4.wav	M	OPPO
/home/koredata/hsinhung/speech/Mobile_Recording/OPPO/clo_train/9.wav	M	OPPO
/home/koredata/hsinhung/speech/Mobile_Recording/Samsung/clo_train_1/39.wav	M	Samsung
/home/koredata/hsinhung/speech/Mobile_Recording/Samsung/clo_train_1/70.wav	M	Samsung
/home/koredata/hsinhung/speech/Mobile_Recording/Samsung/clo_train_1/23.wav	M	Samsung
/home/koredata/hsinhung/speech/Mobile_Recording/Samsung/clo_train_1/60.wav	M	Samsung
/home/koredata/hsinhung/speech/Mobile_Recording/Samsung/clo_train_1/77.wav	M	Samsung
/home/koredata/hsinhung/speech/Mobile_Recording/Samsung/clo_train_1/76.wav	M	Samsung
/home/koredata/hsinhung/speech/Mobile_Recording/Samsung/clo_train_1/3.wav	M	Samsung
/home/koredata/hsinhung/speech/Mobile_Recording/Samsung/clo_train_1/86.wav	M	Samsung
/home/koredata/hsinhung/speech/Mobile_Recording/Samsung/clo_train_1/58.wav	M	Samsung
/home/koredata/hsinhung/speech/Mobile_Recording/Samsung/clo_train_1/54.wav	M	Samsung
/home/koredata/hsinhung/speech/Mobile_Recording/Samsung/clo_train_1/51.wav	M	Samsung
/home/koredata/hsinhung/speech/Mobile_Recording/Samsung/clo_train_1/5.wav	M	Samsung
/home/koredata/hsinhung/speech/Mobile_Recording/Samsung/clo_train_1/95.wav	M	Samsung
/home/koredata/hsinhung/speech/Mobile_Recording/Samsung/clo_train_1/10.wav	M	Samsung
/home/koredata/hsinhung/speech/Mobile_Recording/Samsung/clo_train_1/32.wav	M	Samsung
/home/koredata/hsinhung/speech/Mobile_Recording/Samsung/clo_train_1/83.wav	M	Samsung
/home/koredata/hsinhung/speech/Mobile_Recording/Samsung/clo_train_1/81.wav	M	Samsung
/home/koredata/hsinhung/speech/Mobile_Recording/Samsung/clo_train_1/45.wav	M	Samsung
/home/koredata/hsinhung/speech/Mobile_Recording/Samsung/clo_train_1/50.wav	M	Samsung
/home/koredata/hsinhung/speech/Mobile_Recording/Samsung/clo_train_1/80.wav	M	Samsung
/home/koredata/hsinhung/speech/Mobile_Recording/Samsung/clo_train_1/61.wav	M	Samsung
/home/koredata/hsinhung/speech/Mobile_Recording/Samsung/clo_train_1/21.wav	M	Samsung
/home/koredata/hsinhung/speech/Mobile_Recording/Samsung/clo_train_1/69.wav	M	Samsung
/home/koredata/hsinhung/speech/Mobile_Recording/Samsung/clo_train_1/33.wav	M	Samsung
/home/koredata/hsinhung/speech/Mobile_Recording/Samsung/clo_train_1/19.wav	M	Samsung
/home/koredata/hsinhung/speech/Mobile_Recording/Samsung/clo_train_1/98.wav	M	Samsung
/home/koredata/hsinhung/speech/Mobile_Recording/Samsung/clo_train_1/59.wav	M	Samsung
/home/koredata/hsinhung/speech/Mobile_Recording/Samsung/clo_train_1/84.wav	M	Samsung
/home/koredata/hsinhung/speech/Mobile_Recording/Samsung/clo_train_1/91.wav	M	Samsung
/home/koredata/hsinhung/speech/Mobile_Recording/Samsung/clo_train_1/71.wav	M	Samsung
/home/koredata/hsinhung/speech/Mobile_Recording/Samsung/clo_train_1/37.wav	M	Samsung
/home/koredata/hsinhung/speech/Mobile_Recording/Samsung/clo_train_1/13.wav	M	Samsung
/home/koredata/hsinhung/speech/Mobile_Recording/Samsung/clo_train_1/65.wav	M	Samsung
/home/koredata/hsinhung/speech/Mobile_Recording/Samsung/clo_train_1/34.wav	M	Samsung
/home/koredata/hsinhung/speech/Mobile_Recording/Samsung/clo_train_1/90.wav	M	Samsung
/home/koredata/hsinhung/speech/Mobile_Recording/Samsung/clo_train_1/46.wav	M	Samsung
/home/koredata/hsinhung/speech/Mobile_Recording/Samsung/clo_train_1/49.wav	M	Samsung
/home/koredata/hsinhung/speech/Mobile_Recording/Samsung/clo_train_1/15.wav	M	Samsung
/home/koredata/hsinhung/speech/Mobile_Recording/Samsung/clo_train_1/66.wav	M	Samsung
/home/koredata/hsinhung/speech/Mobile_Recording/Samsung/clo_train_1/88.wav	M	Samsung
/home/koredata/hsinhung/speech/Mobile_Recording/Samsung/clo_train_1/96.wav	M	Samsung
/home/koredata/hsinhung/speech/Mobile_Recording/Samsung/clo_train_1/11.wav	M	Samsung
/home/koredata/hsinhung/speech/Mobile_Recording/Samsung/clo_train_1/31.wav	M	Samsung
/home/koredata/hsinhung/speech/Mobile_Recording/Samsung/clo_train_1/93.wav	M	Samsung
/home/koredata/hsinhung/speech/Mobile_Recording/Samsung/clo_train_1/26.wav	M	Samsung
/home/koredata/hsinhung/speech/Mobile_Recording/Samsung/clo_train_1/35.wav	M	Samsung
/home/koredata/hsinhung/speech/Mobile_Recording/Samsung/clo_train_1/30.wav	M	Samsung
/home/koredata/hsinhung/speech/Mobile_Recording/Samsung/clo_train_1/1.wav	M	Samsung
/home/koredata/hsinhung/speech/Mobile_Recording/Samsung/clo_train_1/29.wav	M	Samsung
/home/koredata/hsinhung/speech/Mobile_Recording/Samsung/clo_train_1/53.wav	M	Samsung
/home/koredata/hsinhung/speech/Mobile_Recording/Samsung/clo_train_1/22.wav	M	Samsung
/home/koredata/hsinhung/speech/Mobile_Recording/Samsung/clo_train_1/63.wav	M	Samsung
/home/koredata/hsinhung/speech/Mobile_Recording/Samsung/clo_train_1/78.wav	M	Samsung
/home/koredata/hsinhung/speech/Mobile_Recording/Samsung/clo_train_1/20.wav	M	Samsung
/home/koredata/hsinhung/speech/Mobile_Recording/Samsung/clo_train_1/44.wav	M	Samsung
/home/koredata/hsinhung/speech/Mobile_Recording/Samsung/clo_train_1/85.wav	M	Samsung
/home/koredata/hsinhung/speech/Mobile_Recording/Samsung/clo_train_1/55.wav	M	Samsung
/home/koredata/hsinhung/speech/Mobile_Recording/Samsung/clo_train_1/42.wav	M	Samsung
/home/koredata/hsinhung/speech/Mobile_Recording/Samsung/clo_train_1/75.wav	M	Samsung
/home/koredata/hsinhung/speech/Mobile_Recording/Samsung/clo_train_1/18.wav	M	Samsung
/home/koredata/hsinhung/speech/Mobile_Recording/Samsung/clo_train_1/89.wav	M	Samsung
/home/koredata/hsinhung/speech/Mobile_Recording/Samsung/clo_train_1/52.wav	M	Samsung
/home/koredata/hsinhung/speech/Mobile_Recording/Samsung/clo_train_1/24.wav	M	Samsung
/home/koredata/hsinhung/speech/Mobile_Recording/Samsung/clo_train_1/28.wav	M	Samsung
/home/koredata/hsinhung/speech/Mobile_Recording/Samsung/clo_train_1/92.wav	M	Samsung
/home/koredata/hsinhung/speech/Mobile_Recording/Samsung/clo_train_1/7.wav	M	Samsung
/home/koredata/hsinhung/speech/Mobile_Recording/Samsung/clo_train_1/38.wav	M	Samsung
/home/koredata/hsinhung/speech/Mobile_Recording/Samsung/clo_train_1/57.wav	M	Samsung
/home/koredata/hsinhung/speech/Mobile_Recording/Samsung/clo_train_1/27.wav	M	Samsung
/home/koredata/hsinhung/speech/Mobile_Recording/Samsung/clo_train_1/48.wav	M	Samsung
/home/koredata/hsinhung/speech/Mobile_Recording/Samsung/clo_train_1/6.wav	M	Samsung
/home/koredata/hsinhung/speech/Mobile_Recording/Samsung/clo_train_1/47.wav	M	Samsung
/home/koredata/hsinhung/speech/Mobile_Recording/Samsung/clo_train_1/25.wav	M	Samsung
/home/koredata/hsinhung/speech/Mobile_Recording/Samsung/clo_train_1/79.wav	M	Samsung
/home/koredata/hsinhung/speech/Mobile_Recording/Samsung/clo_train_1/12.wav	M	Samsung
/home/koredata/hsinhung/speech/Mobile_Recording/Samsung/clo_train_1/62.wav	M	Samsung
/home/koredata/hsinhung/speech/Mobile_Recording/Samsung/clo_train_1/82.wav	M	Samsung
/home/koredata/hsinhung/speech/Mobile_Recording/Samsung/clo_train_1/72.wav	M	Samsung
/home/koredata/hsinhung/speech/Mobile_Recording/Samsung/clo_train_1/73.wav	M	Samsung
/home/koredata/hsinhung/speech/Mobile_Recording/Samsung/clo_train_1/16.wav	M	Samsung
/home/koredata/hsinhung/speech/Mobile_Recording/Samsung/clo_train_1/17.wav	M	Samsung
/home/koredata/hsinhung/speech/Mobile_Recording/Samsung/clo_train_1/94.wav	M	Samsung
/home/koredata/hsinhung/speech/Mobile_Recording/Samsung/clo_train_1/36.wav	M	Samsung
/home/koredata/hsinhung/speech/Mobile_Recording/Samsung/clo_train_1/41.wav	M	Samsung
/home/koredata/hsinhung/speech/Mobile_Recording/Samsung/clo_train_1/56.wav	M	Samsung
/home/koredata/hsinhung/speech/Mobile_Recording/Samsung/clo_train_1/64.wav	M	Samsung
/home/koredata/hsinhung/speech/Mobile_Recording/Samsung/clo_train_1/74.wav	M	Samsung
/home/koredata/hsinhung/speech/Mobile_Recording/Samsung/clo_train_1/40.wav	M	Samsung
/home/koredata/hsinhung/speech/Mobile_Recording/Samsung/clo_train_1/99.wav	M	Samsung
/home/koredata/hsinhung/speech/Mobile_Recording/Samsung/clo_train_1/68.wav	M	Samsung
/home/koredata/hsinhung/speech/Mobile_Recording/Samsung/clo_train_1/67.wav	M	Samsung
/home/koredata/hsinhung/speech/Mobile_Recording/Samsung/clo_train_1/0.wav	M	Samsung
/home/koredata/hsinhung/speech/Mobile_Recording/Samsung/clo_train_1/14.wav	M	Samsung
/home/koredata/hsinhung/speech/Mobile_Recording/Samsung/clo_train_1/97.wav	M	Samsung
/home/koredata/hsinhung/speech/Mobile_Recording/Samsung/clo_train_1/87.wav	M	Samsung
/home/koredata/hsinhung/speech/Mobile_Recording/Samsung/clo_train_1/43.wav	M	Samsung
/home/koredata/hsinhung/speech/Mobile_Recording/Samsung/clo_train_1/2.wav	M	Samsung
/home/koredata/hsinhung/speech/Mobile_Recording/Samsung/clo_train_1/8.wav	M	Samsung
/home/koredata/hsinhung/speech/Mobile_Recording/Samsung/clo_train_1/4.wav	M	Samsung
/home/koredata/hsinhung/speech/Mobile_Recording/Samsung/clo_train_1/9.wav	M	Samsung
/home/koredata/hsinhung/speech/Mobile_Recording/Moto/clo_train/39.wav	M	Moto
/home/koredata/hsinhung/speech/Mobile_Recording/Moto/clo_train/70.wav	M	Moto
/home/koredata/hsinhung/speech/Mobile_Recording/Moto/clo_train/23.wav	M	Moto
/home/koredata/hsinhung/speech/Mobile_Recording/Moto/clo_train/60.wav	M	Moto
/home/koredata/hsinhung/speech/Mobile_Recording/Moto/clo_train/77.wav	M	Moto
/home/koredata/hsinhung/speech/Mobile_Recording/Moto/clo_train/76.wav	M	Moto
/home/koredata/hsinhung/speech/Mobile_Recording/Moto/clo_train/3.wav	M	Moto
/home/koredata/hsinhung/speech/Mobile_Recording/Moto/clo_train/86.wav	M	Moto
/home/koredata/hsinhung/speech/Mobile_Recording/Moto/clo_train/58.wav	M	Moto
/home/koredata/hsinhung/speech/Mobile_Recording/Moto/clo_train/54.wav	M	Moto
/home/koredata/hsinhung/speech/Mobile_Recording/Moto/clo_train/51.wav	M	Moto
/home/koredata/hsinhung/speech/Mobile_Recording/Moto/clo_train/5.wav	M	Moto
/home/koredata/hsinhung/speech/Mobile_Recording/Moto/clo_train/95.wav	M	Moto
/home/koredata/hsinhung/speech/Mobile_Recording/Moto/clo_train/10.wav	M	Moto
/home/koredata/hsinhung/speech/Mobile_Recording/Moto/clo_train/32.wav	M	Moto
/home/koredata/hsinhung/speech/Mobile_Recording/Moto/clo_train/83.wav	M	Moto
/home/koredata/hsinhung/speech/Mobile_Recording/Moto/clo_train/81.wav	M	Moto
/home/koredata/hsinhung/speech/Mobile_Recording/Moto/clo_train/45.wav	M	Moto
/home/koredata/hsinhung/speech/Mobile_Recording/Moto/clo_train/50.wav	M	Moto
/home/koredata/hsinhung/speech/Mobile_Recording/Moto/clo_train/80.wav	M	Moto
/home/koredata/hsinhung/speech/Mobile_Recording/Moto/clo_train/61.wav	M	Moto
/home/koredata/hsinhung/speech/Mobile_Recording/Moto/clo_train/21.wav	M	Moto
/home/koredata/hsinhung/speech/Mobile_Recording/Moto/clo_train/69.wav	M	Moto
/home/koredata/hsinhung/speech/Mobile_Recording/Moto/clo_train/33.wav	M	Moto
/home/koredata/hsinhung/speech/Mobile_Recording/Moto/clo_train/19.wav	M	Moto
/home/koredata/hsinhung/speech/Mobile_Recording/Moto/clo_train/98.wav	M	Moto
/home/koredata/hsinhung/speech/Mobile_Recording/Moto/clo_train/59.wav	M	Moto
/home/koredata/hsinhung/speech/Mobile_Recording/Moto/clo_train/84.wav	M	Moto
/home/koredata/hsinhung/speech/Mobile_Recording/Moto/clo_train/91.wav	M	Moto
/home/koredata/hsinhung/speech/Mobile_Recording/Moto/clo_train/71.wav	M	Moto
/home/koredata/hsinhung/speech/Mobile_Recording/Moto/clo_train/37.wav	M	Moto
/home/koredata/hsinhung/speech/Mobile_Recording/Moto/clo_train/13.wav	M	Moto
/home/koredata/hsinhung/speech/Mobile_Recording/Moto/clo_train/65.wav	M	Moto
/home/koredata/hsinhung/speech/Mobile_Recording/Moto/clo_train/34.wav	M	Moto
/home/koredata/hsinhung/speech/Mobile_Recording/Moto/clo_train/90.wav	M	Moto
/home/koredata/hsinhung/speech/Mobile_Recording/Moto/clo_train/46.wav	M	Moto
/home/koredata/hsinhung/speech/Mobile_Recording/Moto/clo_train/49.wav	M	Moto
/home/koredata/hsinhung/speech/Mobile_Recording/Moto/clo_train/15.wav	M	Moto
/home/koredata/hsinhung/speech/Mobile_Recording/Moto/clo_train/66.wav	M	Moto
/home/koredata/hsinhung/speech/Mobile_Recording/Moto/clo_train/88.wav	M	Moto
/home/koredata/hsinhung/speech/Mobile_Recording/Moto/clo_train/96.wav	M	Moto
/home/koredata/hsinhung/speech/Mobile_Recording/Moto/clo_train/11.wav	M	Moto
/home/koredata/hsinhung/speech/Mobile_Recording/Moto/clo_train/31.wav	M	Moto
/home/koredata/hsinhung/speech/Mobile_Recording/Moto/clo_train/93.wav	M	Moto
/home/koredata/hsinhung/speech/Mobile_Recording/Moto/clo_train/26.wav	M	Moto
/home/koredata/hsinhung/speech/Mobile_Recording/Moto/clo_train/35.wav	M	Moto
/home/koredata/hsinhung/speech/Mobile_Recording/Moto/clo_train/30.wav	M	Moto
/home/koredata/hsinhung/speech/Mobile_Recording/Moto/clo_train/1.wav	M	Moto
/home/koredata/hsinhung/speech/Mobile_Recording/Moto/clo_train/29.wav	M	Moto
/home/koredata/hsinhung/speech/Mobile_Recording/Moto/clo_train/53.wav	M	Moto
/home/koredata/hsinhung/speech/Mobile_Recording/Moto/clo_train/22.wav	M	Moto
/home/koredata/hsinhung/speech/Mobile_Recording/Moto/clo_train/63.wav	M	Moto
/home/koredata/hsinhung/speech/Mobile_Recording/Moto/clo_train/78.wav	M	Moto
/home/koredata/hsinhung/speech/Mobile_Recording/Moto/clo_train/20.wav	M	Moto
/home/koredata/hsinhung/speech/Mobile_Recording/Moto/clo_train/44.wav	M	Moto
/home/koredata/hsinhung/speech/Mobile_Recording/Moto/clo_train/85.wav	M	Moto
/home/koredata/hsinhung/speech/Mobile_Recording/Moto/clo_train/55.wav	M	Moto
/home/koredata/hsinhung/speech/Mobile_Recording/Moto/clo_train/42.wav	M	Moto
/home/koredata/hsinhung/speech/Mobile_Recording/Moto/clo_train/75.wav	M	Moto
/home/koredata/hsinhung/speech/Mobile_Recording/Moto/clo_train/18.wav	M	Moto
/home/koredata/hsinhung/speech/Mobile_Recording/Moto/clo_train/89.wav	M	Moto
/home/koredata/hsinhung/speech/Mobile_Recording/Moto/clo_train/52.wav	M	Moto
/home/koredata/hsinhung/speech/Mobile_Recording/Moto/clo_train/24.wav	M	Moto
/home/koredata/hsinhung/speech/Mobile_Recording/Moto/clo_train/28.wav	M	Moto
/home/koredata/hsinhung/speech/Mobile_Recording/Moto/clo_train/92.wav	M	Moto
/home/koredata/hsinhung/speech/Mobile_Recording/Moto/clo_train/7.wav	M	Moto
/home/koredata/hsinhung/speech/Mobile_Recording/Moto/clo_train/38.wav	M	Moto
/home/koredata/hsinhung/speech/Mobile_Recording/Moto/clo_train/57.wav	M	Moto
/home/koredata/hsinhung/speech/Mobile_Recording/Moto/clo_train/27.wav	M	Moto
/home/koredata/hsinhung/speech/Mobile_Recording/Moto/clo_train/48.wav	M	Moto
/home/koredata/hsinhung/speech/Mobile_Recording/Moto/clo_train/6.wav	M	Moto
/home/koredata/hsinhung/speech/Mobile_Recording/Moto/clo_train/47.wav	M	Moto
/home/koredata/hsinhung/speech/Mobile_Recording/Moto/clo_train/25.wav	M	Moto
/home/koredata/hsinhung/speech/Mobile_Recording/Moto/clo_train/79.wav	M	Moto
/home/koredata/hsinhung/speech/Mobile_Recording/Moto/clo_train/12.wav	M	Moto
/home/koredata/hsinhung/speech/Mobile_Recording/Moto/clo_train/62.wav	M	Moto
/home/koredata/hsinhung/speech/Mobile_Recording/Moto/clo_train/82.wav	M	Moto
/home/koredata/hsinhung/speech/Mobile_Recording/Moto/clo_train/72.wav	M	Moto
/home/koredata/hsinhung/speech/Mobile_Recording/Moto/clo_train/73.wav	M	Moto
/home/koredata/hsinhung/speech/Mobile_Recording/Moto/clo_train/16.wav	M	Moto
/home/koredata/hsinhung/speech/Mobile_Recording/Moto/clo_train/17.wav	M	Moto
/home/koredata/hsinhung/speech/Mobile_Recording/Moto/clo_train/94.wav	M	Moto
/home/koredata/hsinhung/speech/Mobile_Recording/Moto/clo_train/36.wav	M	Moto
/home/koredata/hsinhung/speech/Mobile_Recording/Moto/clo_train/41.wav	M	Moto
/home/koredata/hsinhung/speech/Mobile_Recording/Moto/clo_train/56.wav	M	Moto
/home/koredata/hsinhung/speech/Mobile_Recording/Moto/clo_train/64.wav	M	Moto
/home/koredata/hsinhung/speech/Mobile_Recording/Moto/clo_train/74.wav	M	Moto
/home/koredata/hsinhung/speech/Mobile_Recording/Moto/clo_train/40.wav	M	Moto
/home/koredata/hsinhung/speech/Mobile_Recording/Moto/clo_train/99.wav	M	Moto
/home/koredata/hsinhung/speech/Mobile_Recording/Moto/clo_train/68.wav	M	Moto
/home/koredata/hsinhung/speech/Mobile_Recording/Moto/clo_train/67.wav	M	Moto
/home/koredata/hsinhung/speech/Mobile_Recording/Moto/clo_train/0.wav	M	Moto
/home/koredata/hsinhung/speech/Mobile_Recording/Moto/clo_train/14.wav	M	Moto
/home/koredata/hsinhung/speech/Mobile_Recording/Moto/clo_train/97.wav	M	Moto
/home/koredata/hsinhung/speech/Mobile_Recording/Moto/clo_train/87.wav	M	Moto
/home/koredata/hsinhung/speech/Mobile_Recording/Moto/clo_train/43.wav	M	Moto
/home/koredata/hsinhung/speech/Mobile_Recording/Moto/clo_train/2.wav	M	Moto
/home/koredata/hsinhung/speech/Mobile_Recording/Moto/clo_train/8.wav	M	Moto
/home/koredata/hsinhung/speech/Mobile_Recording/Moto/clo_train/4.wav	M	Moto
/home/koredata/hsinhung/speech/Mobile_Recording/Moto/clo_train/9.wav	M	Moto
